{"cameraMode":{"drawMode":0,"name":"Shaded","section":"Shading Mode"},"sceneLighting":false,"audioPlay":false,"sceneViewState":{"showFog":true,"showMaterialUpdate":true,"showSkybox":false,"showFlares":true,"showImageEffects":true,"showParticleSystems":true},"in2DMode":false,"pivot":{"x":9.297325134277344,"y":-3.1363375186920168,"z":-27.97187042236328},"rotation":{"x":-0.02155821956694126,"y":-0.9784548282623291,"z":0.15269197523593903,"w":-0.13808760046958924},"size":22.0,"orthographic":false}