{"cameraMode":{"drawMode":0,"name":"Shaded","section":"Shading Mode"},"sceneLighting":false,"audioPlay":false,"sceneViewState":{"showFog":true,"showMaterialUpdate":true,"showSkybox":false,"showFlares":true,"showImageEffects":true,"showParticleSystems":true},"in2DMode":false,"pivot":{"x":13.836195945739746,"y":-6.18471097946167,"z":-12.382187843322754},"rotation":{"x":-0.03307846188545227,"y":-0.9554048180580139,"z":0.2693674564361572,"w":-0.11734027415513993},"size":22.0,"orthographic":false}