{"cameraMode":{"drawMode":0,"name":"Shaded","section":"Shading Mode"},"sceneLighting":false,"audioPlay":false,"sceneViewState":{"showFog":true,"showMaterialUpdate":true,"showSkybox":false,"showFlares":true,"showImageEffects":true,"showParticleSystems":true},"in2DMode":false,"pivot":{"x":3.3997392654418947,"y":-5.096500396728516,"z":-20.712141036987306},"rotation":{"x":-0.02935781329870224,"y":-0.9644722938537598,"z":0.2332715541124344,"w":-0.1213914081454277},"size":22.0,"orthographic":false}