{"cameraMode":{"drawMode":0,"name":"Shaded","section":"Shading Mode"},"sceneLighting":false,"audioPlay":false,"sceneViewState":{"showFog":true,"showMaterialUpdate":true,"showSkybox":false,"showFlares":true,"showImageEffects":true,"showParticleSystems":true},"in2DMode":false,"pivot":{"x":-8.329999923706055,"y":0.6551928520202637,"z":-8.149999618530274},"rotation":{"x":-0.23182298243045808,"y":-0.05501433461904526,"z":0.013093461282551289,"w":-0.9712190628051758},"size":4.225217342376709,"orthographic":false}