{"cameraMode":{"drawMode":0,"name":"Shaded","section":"Shading Mode"},"sceneLighting":false,"audioPlay":false,"sceneViewState":{"showFog":true,"showMaterialUpdate":true,"showSkybox":false,"showFlares":true,"showImageEffects":true,"showParticleSystems":true},"in2DMode":false,"pivot":{"x":-16.99217987060547,"y":2.1066946983337404,"z":1.3212878704071046},"rotation":{"x":0.13215652108192445,"y":-0.8339108824729919,"z":0.22705428302288056,"w":0.4855724275112152},"size":5.704185962677002,"orthographic":false}