{"cameraMode":{"drawMode":0,"name":"Shaded","section":"Shading Mode"},"sceneLighting":false,"audioPlay":false,"sceneViewState":{"showFog":true,"showMaterialUpdate":true,"showSkybox":false,"showFlares":true,"showImageEffects":true,"showParticleSystems":true},"in2DMode":false,"pivot":{"x":-12.594331741333008,"y":0.9447029232978821,"z":-7.948587894439697},"rotation":{"x":-0.23182298243045808,"y":-0.05501433461904526,"z":0.013093461282551289,"w":-0.9712190628051758},"size":7.902373790740967,"orthographic":false}