{"cameraMode":{"drawMode":0,"name":"Shaded","section":"Shading Mode"},"sceneLighting":true,"audioPlay":false,"sceneViewState":{"showFog":true,"showMaterialUpdate":true,"showSkybox":true,"showFlares":true,"showImageEffects":true,"showParticleSystems":true},"in2DMode":false,"pivot":{"x":1230.712646484375,"y":105.34391021728516,"z":915.1741333007813},"rotation":{"x":0.07047051191329956,"y":-0.9228001236915588,"z":0.19967339932918549,"w":0.3225771486759186},"size":9.981534957885743,"orthographic":false}