{"cameraMode":{"drawMode":0,"name":"Shaded","section":"Shading Mode"},"sceneLighting":false,"audioPlay":false,"sceneViewState":{"showFog":true,"showMaterialUpdate":true,"showSkybox":false,"showFlares":true,"showImageEffects":true,"showParticleSystems":true},"in2DMode":false,"pivot":{"x":17.001283645629884,"y":-2.6368305683135988,"z":-20.464635848999025},"rotation":{"x":-0.03137554973363876,"y":-0.9685961008071899,"z":0.16607283055782319,"w":-0.18297097086906434},"size":22.0,"orthographic":false}