{"cameraMode":{"drawMode":0,"name":"Shaded","section":"Shading Mode"},"sceneLighting":false,"audioPlay":false,"sceneViewState":{"showFog":true,"showMaterialUpdate":true,"showSkybox":false,"showFlares":true,"showImageEffects":true,"showParticleSystems":true},"in2DMode":false,"pivot":{"x":11.02841567993164,"y":-4.255916118621826,"z":-22.238759994506837},"rotation":{"x":-0.03576752170920372,"y":-0.9643430709838867,"z":0.18476885557174684,"w":-0.18666625022888184},"size":22.0,"orthographic":false}