{"cameraMode":{"drawMode":0,"name":"Shaded","section":"Shading Mode"},"sceneLighting":false,"audioPlay":false,"sceneViewState":{"showFog":true,"showMaterialUpdate":true,"showSkybox":false,"showFlares":true,"showImageEffects":true,"showParticleSystems":true},"in2DMode":false,"pivot":{"x":-7.766060829162598,"y":2.2455952167510988,"z":-0.5599982738494873},"rotation":{"x":-0.32316356897354128,"y":-0.1715085655450821,"z":0.05963756889104843,"w":-0.9288700222969055},"size":8.849148750305176,"orthographic":false}