{"cameraMode":{"drawMode":0,"name":"Shaded","section":"Shading Mode"},"sceneLighting":false,"audioPlay":false,"sceneViewState":{"showFog":true,"showMaterialUpdate":true,"showSkybox":false,"showFlares":true,"showImageEffects":true,"showParticleSystems":true},"in2DMode":false,"pivot":{"x":5.313457012176514,"y":1.5717380046844483,"z":0.23749446868896485},"rotation":{"x":-0.03658277168869972,"y":-0.9629161357879639,"z":0.17105361819267274,"w":-0.20594818890094758},"size":9.578511238098145,"orthographic":false}